"region","hushållsstorlek","X2019"
"Upplands Väsby","1 person",7126
"Upplands Väsby","2 personer",10986
"Upplands Väsby","3 personer",8358
"Upplands Väsby","4 personer",11064
"Upplands Väsby","5 personer",5155
"Upplands Väsby","6 personer",1992
"Upplands Väsby","7+ personer",2008
"Upplands Väsby","uppgift saknas",97
"Vallentuna","1 person",3849
"Vallentuna","2 personer",7556
"Vallentuna","3 personer",5886
"Vallentuna","4 personer",10188
"Vallentuna","5 personer",4290
"Vallentuna","6 personer",1248
"Vallentuna","7+ personer",1042
"Vallentuna","uppgift saknas",31
"Österåker","1 person",5478
"Österåker","2 personer",10812
"Österåker","3 personer",7854
"Österåker","4 personer",12624
"Österåker","5 personer",5465
"Österåker","6 personer",1860
"Österåker","7+ personer",1406
"Österåker","uppgift saknas",75
"Värmdö","1 person",5770
"Värmdö","2 personer",10738
"Värmdö","3 personer",7962
"Värmdö","4 personer",12536
"Värmdö","5 personer",5110
"Värmdö","6 personer",1578
"Värmdö","7+ personer",1248
"Värmdö","uppgift saknas",58
"Järfälla","1 person",11740
"Järfälla","2 personer",18100
"Järfälla","3 personer",13443
"Järfälla","4 personer",19156
"Järfälla","5 personer",9505
"Järfälla","6 personer",3720
"Järfälla","7+ personer",4169
"Järfälla","uppgift saknas",157
"Ekerö","1 person",3070
"Ekerö","2 personer",6150
"Ekerö","3 personer",4836
"Ekerö","4 personer",8728
"Ekerö","5 personer",3860
"Ekerö","6 personer",978
"Ekerö","7+ personer",1028
"Ekerö","uppgift saknas",40
"Huddinge","1 person",14766
"Huddinge","2 personer",22598
"Huddinge","3 personer",18924
"Huddinge","4 personer",30024
"Huddinge","5 personer",14480
"Huddinge","6 personer",5154
"Huddinge","7+ personer",6620
"Huddinge","uppgift saknas",282
"Botkyrka","1 person",11505
"Botkyrka","2 personer",18206
"Botkyrka","3 personer",15204
"Botkyrka","4 personer",20936
"Botkyrka","5 personer",13690
"Botkyrka","6 personer",6858
"Botkyrka","7+ personer",7917
"Botkyrka","uppgift saknas",290
"Salem","1 person",1806
"Salem","2 personer",3716
"Salem","3 personer",2883
"Salem","4 personer",4484
"Salem","5 personer",2400
"Salem","6 personer",810
"Salem","7+ personer",629
"Salem","uppgift saknas",22
"Haninge","1 person",12875
"Haninge","2 personer",20364
"Haninge","3 personer",16251
"Haninge","4 personer",21872
"Haninge","5 personer",11050
"Haninge","6 personer",4422
"Haninge","7+ personer",5041
"Haninge","uppgift saknas",220
"Tyresö","1 person",6255
"Tyresö","2 personer",11192
"Tyresö","3 personer",8616
"Tyresö","4 personer",13396
"Tyresö","5 personer",5440
"Tyresö","6 personer",1866
"Tyresö","7+ personer",1471
"Tyresö","uppgift saknas",97
"Upplands-Bro","1 person",3928
"Upplands-Bro","2 personer",6588
"Upplands-Bro","3 personer",4911
"Upplands-Bro","4 personer",7372
"Upplands-Bro","5 personer",3450
"Upplands-Bro","6 personer",1530
"Upplands-Bro","7+ personer",1522
"Upplands-Bro","uppgift saknas",45
"Nykvarn","1 person",1209
"Nykvarn","2 personer",2784
"Nykvarn","3 personer",1935
"Nykvarn","4 personer",3160
"Nykvarn","5 personer",1270
"Nykvarn","6 personer",384
"Nykvarn","7+ personer",263
"Nykvarn","uppgift saknas",9
"Täby","1 person",9330
"Täby","2 personer",16708
"Täby","3 personer",11940
"Täby","4 personer",21220
"Täby","5 personer",8645
"Täby","6 personer",2166
"Täby","7+ personer",1798
"Täby","uppgift saknas",67
"Danderyd","1 person",4044
"Danderyd","2 personer",6618
"Danderyd","3 personer",4902
"Danderyd","4 personer",8816
"Danderyd","5 personer",5620
"Danderyd","6 personer",1566
"Danderyd","7+ personer",1250
"Danderyd","uppgift saknas",41
"Sollentuna","1 person",9533
"Sollentuna","2 personer",15618
"Sollentuna","3 personer",12990
"Sollentuna","4 personer",20616
"Sollentuna","5 personer",9240
"Sollentuna","6 personer",2862
"Sollentuna","7+ personer",2884
"Sollentuna","uppgift saknas",114
"Stockholm","1 person",202555
"Stockholm","2 personer",250198
"Stockholm","3 personer",169236
"Stockholm","4 personer",196928
"Stockholm","5 personer",83785
"Stockholm","6 personer",31650
"Stockholm","7+ personer",36958
"Stockholm","uppgift saknas",2763
"Södertälje","1 person",16138
"Södertälje","2 personer",21814
"Södertälje","3 personer",15522
"Södertälje","4 personer",20236
"Södertälje","5 personer",13175
"Södertälje","6 personer",5970
"Södertälje","7+ personer",5890
"Södertälje","uppgift saknas",234
"Nacka","1 person",14115
"Nacka","2 personer",23334
"Nacka","3 personer",18003
"Nacka","4 personer",28612
"Nacka","5 personer",13385
"Nacka","6 personer",3780
"Nacka","7+ personer",3744
"Nacka","uppgift saknas",216
"Sundbyberg","1 person",10377
"Sundbyberg","2 personer",13650
"Sundbyberg","3 personer",9366
"Sundbyberg","4 personer",10284
"Sundbyberg","5 personer",4545
"Sundbyberg","6 personer",1782
"Sundbyberg","7+ personer",2259
"Sundbyberg","uppgift saknas",151
"Solna","1 person",18174
"Solna","2 personer",22964
"Solna","3 personer",15981
"Solna","4 personer",15532
"Solna","5 personer",5790
"Solna","6 personer",1980
"Solna","7+ personer",1814
"Solna","uppgift saknas",194
"Lidingö","1 person",7567
"Lidingö","2 personer",11048
"Lidingö","3 personer",7527
"Lidingö","4 personer",12348
"Lidingö","5 personer",6450
"Lidingö","6 personer",1830
"Lidingö","7+ personer",1281
"Lidingö","uppgift saknas",72
"Vaxholm","1 person",1542
"Vaxholm","2 personer",3014
"Vaxholm","3 personer",1794
"Vaxholm","4 personer",3536
"Vaxholm","5 personer",1510
"Vaxholm","6 personer",390
"Vaxholm","7+ personer",208
"Vaxholm","uppgift saknas",9
"Norrtälje","1 person",12187
"Norrtälje","2 personer",20066
"Norrtälje","3 personer",9678
"Norrtälje","4 personer",11468
"Norrtälje","5 personer",5575
"Norrtälje","6 personer",1932
"Norrtälje","7+ personer",1610
"Norrtälje","uppgift saknas",106
"Sigtuna","1 person",6596
"Sigtuna","2 personer",10108
"Sigtuna","3 personer",8598
"Sigtuna","4 personer",11068
"Sigtuna","5 personer",6500
"Sigtuna","6 personer",2844
"Sigtuna","7+ personer",3128
"Sigtuna","uppgift saknas",122
"Nynäshamn","1 person",4799
"Nynäshamn","2 personer",8114
"Nynäshamn","3 personer",4665
"Nynäshamn","4 personer",6048
"Nynäshamn","5 personer",2865
"Nynäshamn","6 personer",1110
"Nynäshamn","7+ personer",907
"Nynäshamn","uppgift saknas",67
"Håbo","1 person",2737
"Håbo","2 personer",5494
"Håbo","3 personer",3927
"Håbo","4 personer",5720
"Håbo","5 personer",2580
"Håbo","6 personer",852
"Håbo","7+ personer",604
"Håbo","uppgift saknas",20
"Älvkarleby","1 person",1616
"Älvkarleby","2 personer",3030
"Älvkarleby","3 personer",1596
"Älvkarleby","4 personer",1856
"Älvkarleby","5 personer",805
"Älvkarleby","6 personer",270
"Älvkarleby","7+ personer",269
"Älvkarleby","uppgift saknas",15
"Knivsta","1 person",2164
"Knivsta","2 personer",4094
"Knivsta","3 personer",3063
"Knivsta","4 personer",5784
"Knivsta","5 personer",2440
"Knivsta","6 personer",654
"Knivsta","7+ personer",617
"Knivsta","uppgift saknas",19
"Heby","1 person",2513
"Heby","2 personer",4286
"Heby","3 personer",2163
"Heby","4 personer",2776
"Heby","5 personer",1390
"Heby","6 personer",486
"Heby","7+ personer",420
"Heby","uppgift saknas",13
"Tierp","1 person",3815
"Tierp","2 personer",6596
"Tierp","3 personer",3360
"Tierp","4 personer",4004
"Tierp","5 personer",1985
"Tierp","6 personer",702
"Tierp","7+ personer",648
"Tierp","uppgift saknas",26
"Uppsala","1 person",45462
"Uppsala","2 personer",61516
"Uppsala","3 personer",36735
"Uppsala","4 personer",47872
"Uppsala","5 personer",23185
"Uppsala","6 personer",8220
"Uppsala","7+ personer",7428
"Uppsala","uppgift saknas",349
"Enköping","1 person",7371
"Enköping","2 personer",12792
"Enköping","3 personer",7434
"Enköping","4 personer",9760
"Enköping","5 personer",4410
"Enköping","6 personer",1764
"Enköping","7+ personer",1677
"Enköping","uppgift saknas",79
"Östhammar","1 person",4213
"Östhammar","2 personer",7276
"Östhammar","3 personer",3408
"Östhammar","4 personer",4036
"Östhammar","5 personer",2085
"Östhammar","6 personer",708
"Östhammar","7+ personer",507
"Östhammar","uppgift saknas",17
"Vingåker","1 person",1539
"Vingåker","2 personer",2920
"Vingåker","3 personer",1467
"Vingåker","4 personer",1620
"Vingåker","5 personer",875
"Vingåker","6 personer",300
"Vingåker","7+ personer",384
"Vingåker","uppgift saknas",6
"Gnesta","1 person",1875
"Gnesta","2 personer",3348
"Gnesta","3 personer",1743
"Gnesta","4 personer",2280
"Gnesta","5 personer",1255
"Gnesta","6 personer",444
"Gnesta","7+ personer",399
"Gnesta","uppgift saknas",21
"Nyköping","1 person",10561
"Nyköping","2 personer",17184
"Nyköping","3 personer",8340
"Nyköping","4 personer",11080
"Nyköping","5 personer",5290
"Nyköping","6 personer",2016
"Nyköping","7+ personer",2048
"Nyköping","uppgift saknas",72
"Oxelösund","1 person",2470
"Oxelösund","2 personer",3876
"Oxelösund","3 personer",1842
"Oxelösund","4 personer",2032
"Oxelösund","5 personer",1090
"Oxelösund","6 personer",390
"Oxelösund","7+ personer",270
"Oxelösund","uppgift saknas",13
"Flen","1 person",3022
"Flen","2 personer",5088
"Flen","3 personer",2361
"Flen","4 personer",2692
"Flen","5 personer",1470
"Flen","6 personer",840
"Flen","7+ personer",1071
"Flen","uppgift saknas",41
"Katrineholm","1 person",6568
"Katrineholm","2 personer",10300
"Katrineholm","3 personer",5187
"Katrineholm","4 personer",6360
"Katrineholm","5 personer",2920
"Katrineholm","6 personer",1404
"Katrineholm","7+ personer",1970
"Katrineholm","uppgift saknas",46
"Eskilstuna","1 person",19762
"Eskilstuna","2 personer",28932
"Eskilstuna","3 personer",17187
"Eskilstuna","4 personer",21456
"Eskilstuna","5 personer",10590
"Eskilstuna","6 personer",4332
"Eskilstuna","7+ personer",4398
"Eskilstuna","uppgift saknas",202
"Strängnäs","1 person",5918
"Strängnäs","2 personer",10586
"Strängnäs","3 personer",5895
"Strängnäs","4 personer",8148
"Strängnäs","5 personer",3575
"Strängnäs","6 personer",1284
"Strängnäs","7+ personer",1080
"Strängnäs","uppgift saknas",58
"Trosa","1 person",2021
"Trosa","2 personer",4226
"Trosa","3 personer",2328
"Trosa","4 personer",3012
"Trosa","5 personer",1395
"Trosa","6 personer",390
"Trosa","7+ personer",364
"Trosa","uppgift saknas",11
"Ödeshög","1 person",970
"Ödeshög","2 personer",1704
"Ödeshög","3 personer",798
"Ödeshög","4 personer",1060
"Ödeshög","5 personer",475
"Ödeshög","6 personer",144
"Ödeshög","7+ personer",183
"Ödeshög","uppgift saknas",3
"Ydre","1 person",639
"Ydre","2 personer",1266
"Ydre","3 personer",537
"Ydre","4 personer",712
"Ydre","5 personer",390
"Ydre","6 personer",96
"Ydre","7+ personer",99
"Ydre","uppgift saknas",8
"Kinda","1 person",1715
"Kinda","2 personer",3208
"Kinda","3 personer",1362
"Kinda","4 personer",2000
"Kinda","5 personer",1035
"Kinda","6 personer",348
"Kinda","7+ personer",258
"Kinda","uppgift saknas",14
"Boxholm","1 person",1037
"Boxholm","2 personer",1872
"Boxholm","3 personer",804
"Boxholm","4 personer",1016
"Boxholm","5 personer",480
"Boxholm","6 personer",168
"Boxholm","7+ personer",98
"Boxholm","uppgift saknas",1
"Åtvidaberg","1 person",1968
"Åtvidaberg","2 personer",3892
"Åtvidaberg","3 personer",1806
"Åtvidaberg","4 personer",2456
"Åtvidaberg","5 personer",925
"Åtvidaberg","6 personer",264
"Åtvidaberg","7+ personer",180
"Åtvidaberg","uppgift saknas",12
"Finspång","1 person",4111
"Finspång","2 personer",6916
"Finspång","3 personer",3399
"Finspång","4 personer",4384
"Finspång","5 personer",1880
"Finspång","6 personer",744
"Finspång","7+ personer",448
"Finspång","uppgift saknas",30
"Valdemarsvik","1 person",1497
"Valdemarsvik","2 personer",2832
"Valdemarsvik","3 personer",1017
"Valdemarsvik","4 personer",1272
"Valdemarsvik","5 personer",690
"Valdemarsvik","6 personer",282
"Valdemarsvik","7+ personer",271
"Valdemarsvik","uppgift saknas",12
"Linköping","1 person",32469
"Linköping","2 personer",45928
"Linköping","3 personer",25077
"Linköping","4 personer",34784
"Linköping","5 personer",14740
"Linköping","6 personer",4716
"Linköping","7+ personer",5131
"Linköping","uppgift saknas",206
"Norrköping","1 person",26687
"Norrköping","2 personer",39956
"Norrköping","3 personer",22884
"Norrköping","4 personer",29400
"Norrköping","5 personer",13600
"Norrköping","6 personer",5448
"Norrköping","7+ personer",4982
"Norrköping","uppgift saknas",214
"Söderköping","1 person",2104
"Söderköping","2 personer",4548
"Söderköping","3 personer",2379
"Söderköping","4 personer",3400
"Söderköping","5 personer",1375
"Söderköping","6 personer",558
"Söderköping","7+ personer",253
"Söderköping","uppgift saknas",9
"Motala","1 person",8041
"Motala","2 personer",13590
"Motala","3 personer",6870
"Motala","4 personer",8680
"Motala","5 personer",4015
"Motala","6 personer",1476
"Motala","7+ personer",949
"Motala","uppgift saknas",52
"Vadstena","1 person",1623
"Vadstena","2 personer",2508
"Vadstena","3 personer",1110
"Vadstena","4 personer",1324
"Vadstena","5 personer",580
"Vadstena","6 personer",162
"Vadstena","7+ personer",119
"Vadstena","uppgift saknas",2
"Mjölby","1 person",4926
"Mjölby","2 personer",8340
"Mjölby","3 personer",4242
"Mjölby","4 personer",6336
"Mjölby","5 personer",2350
"Mjölby","6 personer",786
"Mjölby","7+ personer",752
"Mjölby","uppgift saknas",26
"Aneby","1 person",1044
"Aneby","2 personer",2182
"Aneby","3 personer",990
"Aneby","4 personer",1464
"Aneby","5 personer",735
"Aneby","6 personer",174
"Aneby","7+ personer",256
"Aneby","uppgift saknas",3
"Gnosjö","1 person",1336
"Gnosjö","2 personer",2642
"Gnosjö","3 personer",1614
"Gnosjö","4 personer",2168
"Gnosjö","5 personer",1090
"Gnosjö","6 personer",432
"Gnosjö","7+ personer",419
"Gnosjö","uppgift saknas",11
"Mullsjö","1 person",1132
"Mullsjö","2 personer",2202
"Mullsjö","3 personer",1125
"Mullsjö","4 personer",1508
"Mullsjö","5 personer",855
"Mullsjö","6 personer",276
"Mullsjö","7+ personer",184
"Mullsjö","uppgift saknas",8
"Habo","1 person",1161
"Habo","2 personer",3162
"Habo","3 personer",1767
"Habo","4 personer",3808
"Habo","5 personer",1775
"Habo","6 personer",450
"Habo","7+ personer",305
"Habo","uppgift saknas",5
"Gislaved","1 person",4648
"Gislaved","2 personer",8286
"Gislaved","3 personer",4890
"Gislaved","4 personer",6548
"Gislaved","5 personer",3230
"Gislaved","6 personer",1122
"Gislaved","7+ personer",1216
"Gislaved","uppgift saknas",23
"Vaggeryd","1 person",1904
"Vaggeryd","2 personer",3880
"Vaggeryd","3 personer",2277
"Vaggeryd","4 personer",3464
"Vaggeryd","5 personer",1750
"Vaggeryd","6 personer",570
"Vaggeryd","7+ personer",419
"Vaggeryd","uppgift saknas",11
"Jönköping","1 person",25490
"Jönköping","2 personer",38582
"Jönköping","3 personer",21129
"Jönköping","4 personer",30668
"Jönköping","5 personer",15505
"Jönköping","6 personer",5112
"Jönköping","7+ personer",4434
"Jönköping","uppgift saknas",161
"Nässjö","1 person",5298
"Nässjö","2 personer",9222
"Nässjö","3 personer",4764
"Nässjö","4 personer",6180
"Nässjö","5 personer",3215
"Nässjö","6 personer",1350
"Nässjö","7+ personer",1473
"Nässjö","uppgift saknas",36
"Värnamo","1 person",5642
"Värnamo","2 personer",9920
"Värnamo","3 personer",5475
"Värnamo","4 personer",7616
"Värnamo","5 personer",3695
"Värnamo","6 personer",1338
"Värnamo","7+ personer",838
"Värnamo","uppgift saknas",36
"Sävsjö","1 person",1859
"Sävsjö","2 personer",3444
"Sävsjö","3 personer",1542
"Sävsjö","4 personer",2188
"Sävsjö","5 personer",1505
"Sävsjö","6 personer",678
"Sävsjö","7+ personer",450
"Sävsjö","uppgift saknas",11
"Vetlanda","1 person",4718
"Vetlanda","2 personer",8554
"Vetlanda","3 personer",4008
"Vetlanda","4 personer",5564
"Vetlanda","5 personer",2840
"Vetlanda","6 personer",924
"Vetlanda","7+ personer",844
"Vetlanda","uppgift saknas",14
"Eksjö","1 person",3426
"Eksjö","2 personer",5510
"Eksjö","3 personer",2412
"Eksjö","4 personer",3304
"Eksjö","5 personer",1960
"Eksjö","6 personer",636
"Eksjö","7+ personer",495
"Eksjö","uppgift saknas",10
"Tranås","1 person",3606
"Tranås","2 personer",5652
"Tranås","3 personer",2820
"Tranås","4 personer",3860
"Tranås","5 personer",1915
"Tranås","6 personer",618
"Tranås","7+ personer",508
"Tranås","uppgift saknas",24
"Uppvidinge","1 person",1725
"Uppvidinge","2 personer",2962
"Uppvidinge","3 personer",1431
"Uppvidinge","4 personer",1840
"Uppvidinge","5 personer",810
"Uppvidinge","6 personer",408
"Uppvidinge","7+ personer",389
"Uppvidinge","uppgift saknas",23
"Lessebo","1 person",1359
"Lessebo","2 personer",2518
"Lessebo","3 personer",1254
"Lessebo","4 personer",1784
"Lessebo","5 personer",835
"Lessebo","6 personer",378
"Lessebo","7+ personer",594
"Lessebo","uppgift saknas",11
"Tingsryd","1 person",2541
"Tingsryd","2 personer",4000
"Tingsryd","3 personer",1809
"Tingsryd","4 personer",2220
"Tingsryd","5 personer",1210
"Tingsryd","6 personer",348
"Tingsryd","7+ personer",253
"Tingsryd","uppgift saknas",12
"Alvesta","1 person",3007
"Alvesta","2 personer",5838
"Alvesta","3 personer",2904
"Alvesta","4 personer",4288
"Alvesta","5 personer",2185
"Alvesta","6 personer",888
"Alvesta","7+ personer",995
"Alvesta","uppgift saknas",29
"Älmhult","1 person",2733
"Älmhult","2 personer",4852
"Älmhult","3 personer",2802
"Älmhult","4 personer",4168
"Älmhult","5 personer",1910
"Älmhult","6 personer",552
"Älmhult","7+ personer",623
"Älmhult","uppgift saknas",11
"Markaryd","1 person",1926
"Markaryd","2 personer",3154
"Markaryd","3 personer",1557
"Markaryd","4 personer",1844
"Markaryd","5 personer",1025
"Markaryd","6 personer",420
"Markaryd","7+ personer",378
"Markaryd","uppgift saknas",16
"Växjö","1 person",17366
"Växjö","2 personer",25938
"Växjö","3 personer",14262
"Växjö","4 personer",20644
"Växjö","5 personer",9320
"Växjö","6 personer",3306
"Växjö","7+ personer",3185
"Växjö","uppgift saknas",108
"Ljungby","1 person",5118
"Ljungby","2 personer",8808
"Ljungby","3 personer",4527
"Ljungby","4 personer",5908
"Ljungby","5 personer",2655
"Ljungby","6 personer",882
"Ljungby","7+ personer",588
"Ljungby","uppgift saknas",35
"Högsby","1 person",1076
"Högsby","2 personer",1860
"Högsby","3 personer",927
"Högsby","4 personer",884
"Högsby","5 personer",535
"Högsby","6 personer",336
"Högsby","7+ personer",295
"Högsby","uppgift saknas",8
"Torsås","1 person",1361
"Torsås","2 personer",2412
"Torsås","3 personer",1029
"Torsås","4 personer",1308
"Torsås","5 personer",635
"Torsås","6 personer",186
"Torsås","7+ personer",187
"Torsås","uppgift saknas",7
"Mörbylånga","1 person",2274
"Mörbylånga","2 personer",4876
"Mörbylånga","3 personer",2202
"Mörbylånga","4 personer",3676
"Mörbylånga","5 personer",1480
"Mörbylånga","6 personer",444
"Mörbylånga","7+ personer",289
"Mörbylånga","uppgift saknas",8
"Hultsfred","1 person",2662
"Hultsfred","2 personer",4684
"Hultsfred","3 personer",2097
"Hultsfred","4 personer",2412
"Hultsfred","5 personer",1205
"Hultsfred","6 personer",582
"Hultsfred","7+ personer",562
"Hultsfred","uppgift saknas",20
"Mönsterås","1 person",2543
"Mönsterås","2 personer",4300
"Mönsterås","3 personer",2070
"Mönsterås","4 personer",2552
"Mönsterås","5 personer",1180
"Mönsterås","6 personer",456
"Mönsterås","7+ personer",317
"Mönsterås","uppgift saknas",12
"Emmaboda","1 person",1937
"Emmaboda","2 personer",3086
"Emmaboda","3 personer",1245
"Emmaboda","4 personer",1604
"Emmaboda","5 personer",880
"Emmaboda","6 personer",300
"Emmaboda","7+ personer",376
"Emmaboda","uppgift saknas",17
"Kalmar","1 person",14018
"Kalmar","2 personer",20026
"Kalmar","3 personer",10746
"Kalmar","4 personer",14724
"Kalmar","5 personer",6240
"Kalmar","6 personer",2040
"Kalmar","7+ personer",1580
"Kalmar","uppgift saknas",93
"Nybro","1 person",4046
"Nybro","2 personer",6296
"Nybro","3 personer",2988
"Nybro","4 personer",3912
"Nybro","5 personer",1810
"Nybro","6 personer",606
"Nybro","7+ personer",634
"Nybro","uppgift saknas",26
"Oskarshamn","1 person",5119
"Oskarshamn","2 personer",8336
"Oskarshamn","3 personer",4317
"Oskarshamn","4 personer",5484
"Oskarshamn","5 personer",2585
"Oskarshamn","6 personer",696
"Oskarshamn","7+ personer",543
"Oskarshamn","uppgift saknas",22
"Västervik","1 person",7640
"Västervik","2 personer",12246
"Västervik","3 personer",5406
"Västervik","4 personer",6508
"Västervik","5 personer",3055
"Västervik","6 personer",1080
"Västervik","7+ personer",707
"Västervik","uppgift saknas",37
"Vimmerby","1 person",2856
"Vimmerby","2 personer",5108
"Vimmerby","3 personer",2316
"Vimmerby","4 personer",3116
"Vimmerby","5 personer",1380
"Vimmerby","6 personer",528
"Vimmerby","7+ personer",326
"Vimmerby","uppgift saknas",17
"Borgholm","1 person",2168
"Borgholm","2 personer",4086
"Borgholm","3 personer",1530
"Borgholm","4 personer",1620
"Borgholm","5 personer",870
"Borgholm","6 personer",330
"Borgholm","7+ personer",228
"Borgholm","uppgift saknas",7
"Gotland","1 person",11589
"Gotland","2 personer",17652
"Gotland","3 personer",9567
"Gotland","4 personer",11432
"Gotland","5 personer",5410
"Gotland","6 personer",2160
"Gotland","7+ personer",1824
"Gotland","uppgift saknas",52
"Olofström","1 person",2646
"Olofström","2 personer",4270
"Olofström","3 personer",2181
"Olofström","4 personer",2292
"Olofström","5 personer",1125
"Olofström","6 personer",462
"Olofström","7+ personer",426
"Olofström","uppgift saknas",24
"Karlskrona","1 person",12736
"Karlskrona","2 personer",19490
"Karlskrona","3 personer",10230
"Karlskrona","4 personer",14132
"Karlskrona","5 personer",6340
"Karlskrona","6 personer",2034
"Karlskrona","7+ personer",1585
"Karlskrona","uppgift saknas",75
"Ronneby","1 person",5291
"Ronneby","2 personer",8958
"Ronneby","3 personer",4284
"Ronneby","4 personer",5844
"Ronneby","5 personer",2880
"Ronneby","6 personer",1272
"Ronneby","7+ personer",1059
"Ronneby","uppgift saknas",45
"Karlshamn","1 person",6355
"Karlshamn","2 personer",10316
"Karlshamn","3 personer",4836
"Karlshamn","4 personer",6552
"Karlshamn","5 personer",2720
"Karlshamn","6 personer",948
"Karlshamn","7+ personer",723
"Karlshamn","uppgift saknas",23
"Sölvesborg","1 person",3161
"Sölvesborg","2 personer",5774
"Sölvesborg","3 personer",2658
"Sölvesborg","4 personer",3676
"Sölvesborg","5 personer",1340
"Sölvesborg","6 personer",492
"Sölvesborg","7+ personer",325
"Sölvesborg","uppgift saknas",26
"Svalöv","1 person",2000
"Svalöv","2 personer",3794
"Svalöv","3 personer",2448
"Svalöv","4 personer",3388
"Svalöv","5 personer",1435
"Svalöv","6 personer",564
"Svalöv","7+ personer",625
"Svalöv","uppgift saknas",14
"Staffanstorp","1 person",2615
"Staffanstorp","2 personer",6106
"Staffanstorp","3 personer",4206
"Staffanstorp","4 personer",7768
"Staffanstorp","5 personer",2980
"Staffanstorp","6 personer",816
"Staffanstorp","7+ personer",878
"Staffanstorp","uppgift saknas",27
"Burlöv","1 person",2630
"Burlöv","2 personer",4430
"Burlöv","3 personer",3075
"Burlöv","4 personer",4572
"Burlöv","5 personer",2190
"Burlöv","6 personer",996
"Burlöv","7+ personer",1178
"Burlöv","uppgift saknas",41
"Vellinge","1 person",3856
"Vellinge","2 personer",9664
"Vellinge","3 personer",6192
"Vellinge","4 personer",11340
"Vellinge","5 personer",4150
"Vellinge","6 personer",792
"Vellinge","7+ personer",608
"Vellinge","uppgift saknas",26
"Östra Göinge","1 person",2303
"Östra Göinge","2 personer",4274
"Östra Göinge","3 personer",2283
"Östra Göinge","4 personer",3012
"Östra Göinge","5 personer",1615
"Östra Göinge","6 personer",822
"Östra Göinge","7+ personer",684
"Östra Göinge","uppgift saknas",14
"Örkelljunga","1 person",1908
"Örkelljunga","2 personer",3100
"Örkelljunga","3 personer",1581
"Örkelljunga","4 personer",1912
"Örkelljunga","5 personer",940
"Örkelljunga","6 personer",450
"Örkelljunga","7+ personer",376
"Örkelljunga","uppgift saknas",13
"Bjuv","1 person",2085
"Bjuv","2 personer",4158
"Bjuv","3 personer",2841
"Bjuv","4 personer",3360
"Bjuv","5 personer",1550
"Bjuv","6 personer",786
"Bjuv","7+ personer",904
"Bjuv","uppgift saknas",31
"Kävlinge","1 person",3654
"Kävlinge","2 personer",7998
"Kävlinge","3 personer",5385
"Kävlinge","4 personer",9680
"Kävlinge","5 personer",3395
"Kävlinge","6 personer",984
"Kävlinge","7+ personer",595
"Kävlinge","uppgift saknas",14
"Lomma","1 person",2621
"Lomma","2 personer",6040
"Lomma","3 personer",3621
"Lomma","4 personer",8244
"Lomma","5 personer",3250
"Lomma","6 personer",600
"Lomma","7+ personer",443
"Lomma","uppgift saknas",15
"Svedala","1 person",2509
"Svedala","2 personer",5470
"Svedala","3 personer",3867
"Svedala","4 personer",6764
"Svedala","5 personer",2385
"Svedala","6 personer",684
"Svedala","7+ personer",535
"Svedala","uppgift saknas",15
"Skurup","1 person",2333
"Skurup","2 personer",4492
"Skurup","3 personer",2739
"Skurup","4 personer",3712
"Skurup","5 personer",1555
"Skurup","6 personer",582
"Skurup","7+ personer",457
"Skurup","uppgift saknas",19
"Sjöbo","1 person",3338
"Sjöbo","2 personer",6094
"Sjöbo","3 personer",3000
"Sjöbo","4 personer",4000
"Sjöbo","5 personer",1825
"Sjöbo","6 personer",492
"Sjöbo","7+ personer",455
"Sjöbo","uppgift saknas",22
"Hörby","1 person",2743
"Hörby","2 personer",4564
"Hörby","3 personer",2445
"Hörby","4 personer",3316
"Hörby","5 personer",1585
"Hörby","6 personer",534
"Hörby","7+ personer",426
"Hörby","uppgift saknas",18
"Höör","1 person",2404
"Höör","2 personer",4772
"Höör","3 personer",2757
"Höör","4 personer",3996
"Höör","5 personer",1735
"Höör","6 personer",504
"Höör","7+ personer",520
"Höör","uppgift saknas",25
"Tomelilla","1 person",2445
"Tomelilla","2 personer",4150
"Tomelilla","3 personer",2067
"Tomelilla","4 personer",2640
"Tomelilla","5 personer",1240
"Tomelilla","6 personer",522
"Tomelilla","7+ personer",538
"Tomelilla","uppgift saknas",15
"Bromölla","1 person",2061
"Bromölla","2 personer",3954
"Bromölla","3 personer",2166
"Bromölla","4 personer",2728
"Bromölla","5 personer",1145
"Bromölla","6 personer",480
"Bromölla","7+ personer",324
"Bromölla","uppgift saknas",12
"Osby","1 person",2368
"Osby","2 personer",4072
"Osby","3 personer",1896
"Osby","4 personer",2644
"Osby","5 personer",1335
"Osby","6 personer",354
"Osby","7+ personer",512
"Osby","uppgift saknas",27
"Perstorp","1 person",1325
"Perstorp","2 personer",2200
"Perstorp","3 personer",1095
"Perstorp","4 personer",1276
"Perstorp","5 personer",845
"Perstorp","6 personer",306
"Perstorp","7+ personer",423
"Perstorp","uppgift saknas",22
"Klippan","1 person",3208
"Klippan","2 personer",5270
"Klippan","3 personer",2916
"Klippan","4 personer",3280
"Klippan","5 personer",1720
"Klippan","6 personer",696
"Klippan","7+ personer",638
"Klippan","uppgift saknas",28
"Åstorp","1 person",2104
"Åstorp","2 personer",4048
"Åstorp","3 personer",2670
"Åstorp","4 personer",3504
"Åstorp","5 personer",1945
"Åstorp","6 personer",738
"Åstorp","7+ personer",902
"Åstorp","uppgift saknas",29
"Båstad","1 person",2737
"Båstad","2 personer",5072
"Båstad","3 personer",2286
"Båstad","4 personer",2956
"Båstad","5 personer",1325
"Båstad","6 personer",366
"Båstad","7+ personer",374
"Båstad","uppgift saknas",12
"Malmö","1 person",68897
"Malmö","2 personer",86614
"Malmö","3 personer",57681
"Malmö","4 personer",66964
"Malmö","5 personer",32900
"Malmö","6 personer",15204
"Malmö","7+ personer",14713
"Malmö","uppgift saknas",1193
"Lund","1 person",26899
"Lund","2 personer",33170
"Lund","3 personer",19203
"Lund","4 personer",26224
"Lund","5 personer",12175
"Lund","6 personer",3888
"Lund","7+ personer",3197
"Lund","uppgift saknas",179
"Landskrona","1 person",8150
"Landskrona","2 personer",12078
"Landskrona","3 personer",7470
"Landskrona","4 personer",9436
"Landskrona","5 personer",4880
"Landskrona","6 personer",2076
"Landskrona","7+ personer",1878
"Landskrona","uppgift saknas",122
"Helsingborg","1 person",27937
"Helsingborg","2 personer",38732
"Helsingborg","3 personer",24462
"Helsingborg","4 personer",32112
"Helsingborg","5 personer",13710
"Helsingborg","6 personer",5484
"Helsingborg","7+ personer",4970
"Helsingborg","uppgift saknas",327
"Höganäs","1 person",4045
"Höganäs","2 personer",8190
"Höganäs","3 personer",4392
"Höganäs","4 personer",6536
"Höganäs","5 personer",2605
"Höganäs","6 personer",606
"Höganäs","7+ personer",542
"Höganäs","uppgift saknas",26
"Eslöv","1 person",5188
"Eslöv","2 personer",8816
"Eslöv","3 personer",5721
"Eslöv","4 personer",7892
"Eslöv","5 personer",3465
"Eslöv","6 personer",1344
"Eslöv","7+ personer",1307
"Eslöv","uppgift saknas",60
"Ystad","1 person",5796
"Ystad","2 personer",10052
"Ystad","3 personer",4818
"Ystad","4 personer",6304
"Ystad","5 personer",2255
"Ystad","6 personer",690
"Ystad","7+ personer",600
"Ystad","uppgift saknas",26
"Trelleborg","1 person",7298
"Trelleborg","2 personer",13054
"Trelleborg","3 personer",7725
"Trelleborg","4 personer",10384
"Trelleborg","5 personer",4105
"Trelleborg","6 personer",1458
"Trelleborg","7+ personer",1327
"Trelleborg","uppgift saknas",89
"Kristianstad","1 person",15098
"Kristianstad","2 personer",24790
"Kristianstad","3 personer",13074
"Kristianstad","4 personer",17908
"Kristianstad","5 personer",8350
"Kristianstad","6 personer",3384
"Kristianstad","7+ personer",2993
"Kristianstad","uppgift saknas",150
"Simrishamn","1 person",3921
"Simrishamn","2 personer",6934
"Simrishamn","3 personer",2757
"Simrishamn","4 personer",3004
"Simrishamn","5 personer",1505
"Simrishamn","6 personer",570
"Simrishamn","7+ personer",461
"Simrishamn","uppgift saknas",22
"Ängelholm","1 person",7385
"Ängelholm","2 personer",12628
"Ängelholm","3 personer",6756
"Ängelholm","4 personer",9608
"Ängelholm","5 personer",4000
"Ängelholm","6 personer",1104
"Ängelholm","7+ personer",969
"Ängelholm","uppgift saknas",26
"Hässleholm","1 person",9454
"Hässleholm","2 personer",15514
"Hässleholm","3 personer",7977
"Hässleholm","4 personer",10376
"Hässleholm","5 personer",4900
"Hässleholm","6 personer",2040
"Hässleholm","7+ personer",1808
"Hässleholm","uppgift saknas",76
"Hylte","1 person",1632
"Hylte","2 personer",3014
"Hylte","3 personer",1563
"Hylte","4 personer",2184
"Hylte","5 personer",1335
"Hylte","6 personer",582
"Hylte","7+ personer",489
"Hylte","uppgift saknas",16
"Halmstad","1 person",19039
"Halmstad","2 personer",29026
"Halmstad","3 personer",15921
"Halmstad","4 personer",22216
"Halmstad","5 personer",10045
"Halmstad","6 personer",3474
"Halmstad","7+ personer",2897
"Halmstad","uppgift saknas",149
"Laholm","1 person",3959
"Laholm","2 personer",8176
"Laholm","3 personer",3933
"Laholm","4 personer",5516
"Laholm","5 personer",2370
"Laholm","6 personer",978
"Laholm","7+ personer",937
"Laholm","uppgift saknas",34
"Falkenberg","1 person",7241
"Falkenberg","2 personer",13914
"Falkenberg","3 personer",6507
"Falkenberg","4 personer",9692
"Falkenberg","5 personer",4735
"Falkenberg","6 personer",1692
"Falkenberg","7+ personer",1540
"Falkenberg","uppgift saknas",46
"Varberg","1 person",10418
"Varberg","2 personer",19712
"Varberg","3 personer",9393
"Varberg","4 personer",15028
"Varberg","5 personer",6510
"Varberg","6 personer",1842
"Varberg","7+ personer",1639
"Varberg","uppgift saknas",59
"Kungsbacka","1 person",9379
"Kungsbacka","2 personer",21432
"Kungsbacka","3 personer",14406
"Kungsbacka","4 personer",25016
"Kungsbacka","5 personer",9765
"Kungsbacka","6 personer",2406
"Kungsbacka","7+ personer",1908
"Kungsbacka","uppgift saknas",83
"Härryda","1 person",4066
"Härryda","2 personer",8556
"Härryda","3 personer",6606
"Härryda","4 personer",12256
"Härryda","5 personer",4775
"Härryda","6 personer",990
"Härryda","7+ personer",690
"Härryda","uppgift saknas",38
"Partille","1 person",5048
"Partille","2 personer",9322
"Partille","3 personer",6729
"Partille","4 personer",10964
"Partille","5 personer",4820
"Partille","6 personer",1188
"Partille","7+ personer",1159
"Partille","uppgift saknas",59
"Öckerö","1 person",1361
"Öckerö","2 personer",3404
"Öckerö","3 personer",2088
"Öckerö","4 personer",3028
"Öckerö","5 personer",1835
"Öckerö","6 personer",672
"Öckerö","7+ personer",520
"Öckerö","uppgift saknas",8
"Stenungsund","1 person",3862
"Stenungsund","2 personer",6972
"Stenungsund","3 personer",4497
"Stenungsund","4 personer",7032
"Stenungsund","5 personer",2940
"Stenungsund","6 personer",768
"Stenungsund","7+ personer",684
"Stenungsund","uppgift saknas",22
"Tjörn","1 person",2351
"Tjörn","2 personer",5180
"Tjörn","3 personer",2436
"Tjörn","4 personer",3628
"Tjörn","5 personer",1520
"Tjörn","6 personer",492
"Tjörn","7+ personer",397
"Tjörn","uppgift saknas",12
"Orust","1 person",2597
"Orust","2 personer",5192
"Orust","3 personer",2430
"Orust","4 personer",3008
"Orust","5 personer",1315
"Orust","6 personer",384
"Orust","7+ personer",270
"Orust","uppgift saknas",22
"Sotenäs","1 person",1903
"Sotenäs","2 personer",3308
"Sotenäs","3 personer",1377
"Sotenäs","4 personer",1496
"Sotenäs","5 personer",660
"Sotenäs","6 personer",198
"Sotenäs","7+ personer",112
"Sotenäs","uppgift saknas",7
"Munkedal","1 person",1904
"Munkedal","2 personer",3198
"Munkedal","3 personer",1632
"Munkedal","4 personer",2212
"Munkedal","5 personer",910
"Munkedal","6 personer",372
"Munkedal","7+ personer",275
"Munkedal","uppgift saknas",10
"Tanum","1 person",2358
"Tanum","2 personer",4144
"Tanum","3 personer",1887
"Tanum","4 personer",2520
"Tanum","5 personer",1085
"Tanum","6 personer",474
"Tanum","7+ personer",367
"Tanum","uppgift saknas",6
"Dals-Ed","1 person",1039
"Dals-Ed","2 personer",1470
"Dals-Ed","3 personer",765
"Dals-Ed","4 personer",804
"Dals-Ed","5 personer",460
"Dals-Ed","6 personer",156
"Dals-Ed","7+ personer",109
"Dals-Ed","uppgift saknas",10
"Färgelanda","1 person",1206
"Färgelanda","2 personer",2214
"Färgelanda","3 personer",945
"Färgelanda","4 personer",1196
"Färgelanda","5 personer",640
"Färgelanda","6 personer",204
"Färgelanda","7+ personer",227
"Färgelanda","uppgift saknas",5
"Ale","1 person",3895
"Ale","2 personer",7744
"Ale","3 personer",5556
"Ale","4 personer",8760
"Ale","5 personer",3500
"Ale","6 personer",1116
"Ale","7+ personer",804
"Ale","uppgift saknas",27
"Lerum","1 person",4539
"Lerum","2 personer",10056
"Lerum","3 personer",7203
"Lerum","4 personer",13428
"Lerum","5 personer",5190
"Lerum","6 personer",1296
"Lerum","7+ personer",819
"Lerum","uppgift saknas",37
"Vårgårda","1 person",1709
"Vårgårda","2 personer",3322
"Vårgårda","3 personer",1959
"Vårgårda","4 personer",2664
"Vårgårda","5 personer",1425
"Vårgårda","6 personer",360
"Vårgårda","7+ personer",355
"Vårgårda","uppgift saknas",16
"Bollebygd","1 person",1114
"Bollebygd","2 personer",2648
"Bollebygd","3 personer",1686
"Bollebygd","4 personer",2496
"Bollebygd","5 personer",950
"Bollebygd","6 personer",396
"Bollebygd","7+ personer",194
"Bollebygd","uppgift saknas",11
"Grästorp","1 person",1028
"Grästorp","2 personer",1894
"Grästorp","3 personer",780
"Grästorp","4 personer",1160
"Grästorp","5 personer",565
"Grästorp","6 personer",192
"Grästorp","7+ personer",69
"Grästorp","uppgift saknas",5
"Essunga","1 person",948
"Essunga","2 personer",1748
"Essunga","3 personer",963
"Essunga","4 personer",1152
"Essunga","5 personer",490
"Essunga","6 personer",246
"Essunga","7+ personer",101
"Essunga","uppgift saknas",6
"Karlsborg","1 person",1409
"Karlsborg","2 personer",2532
"Karlsborg","3 personer",987
"Karlsborg","4 personer",1244
"Karlsborg","5 personer",525
"Karlsborg","6 personer",120
"Karlsborg","7+ personer",123
"Karlsborg","uppgift saknas",0
"Gullspång","1 person",1089
"Gullspång","2 personer",1866
"Gullspång","3 personer",762
"Gullspång","4 personer",784
"Gullspång","5 personer",430
"Gullspång","6 personer",126
"Gullspång","7+ personer",221
"Gullspång","uppgift saknas",2
"Tranemo","1 person",1834
"Tranemo","2 personer",3664
"Tranemo","3 personer",1857
"Tranemo","4 personer",2552
"Tranemo","5 personer",1270
"Tranemo","6 personer",372
"Tranemo","7+ personer",371
"Tranemo","uppgift saknas",16
"Bengtsfors","1 person",2030
"Bengtsfors","2 personer",3310
"Bengtsfors","3 personer",1347
"Bengtsfors","4 personer",1548
"Bengtsfors","5 personer",805
"Bengtsfors","6 personer",324
"Bengtsfors","7+ personer",374
"Bengtsfors","uppgift saknas",12
"Mellerud","1 person",1886
"Mellerud","2 personer",2950
"Mellerud","3 personer",1362
"Mellerud","4 personer",1548
"Mellerud","5 personer",840
"Mellerud","6 personer",336
"Mellerud","7+ personer",367
"Mellerud","uppgift saknas",21
"Lilla Edet","1 person",2161
"Lilla Edet","2 personer",4114
"Lilla Edet","3 personer",2475
"Lilla Edet","4 personer",3076
"Lilla Edet","5 personer",1330
"Lilla Edet","6 personer",504
"Lilla Edet","7+ personer",433
"Lilla Edet","uppgift saknas",16
"Mark","1 person",5476
"Mark","2 personer",10200
"Mark","3 personer",5682
"Mark","4 personer",7560
"Mark","5 personer",3490
"Mark","6 personer",1350
"Mark","7+ personer",969
"Mark","uppgift saknas",27
"Svenljunga","1 person",1739
"Svenljunga","2 personer",3438
"Svenljunga","3 personer",1719
"Svenljunga","4 personer",2076
"Svenljunga","5 personer",1045
"Svenljunga","6 personer",348
"Svenljunga","7+ personer",411
"Svenljunga","uppgift saknas",4
"Herrljunga","1 person",1583
"Herrljunga","2 personer",2944
"Herrljunga","3 personer",1518
"Herrljunga","4 personer",1812
"Herrljunga","5 personer",915
"Herrljunga","6 personer",384
"Herrljunga","7+ personer",298
"Herrljunga","uppgift saknas",10
"Vara","1 person",2746
"Vara","2 personer",4916
"Vara","3 personer",2436
"Vara","4 personer",3484
"Vara","5 personer",1520
"Vara","6 personer",474
"Vara","7+ personer",431
"Vara","uppgift saknas",17
"Götene","1 person",2065
"Götene","2 personer",4354
"Götene","3 personer",2070
"Götene","4 personer",2692
"Götene","5 personer",1375
"Götene","6 personer",372
"Götene","7+ personer",270
"Götene","uppgift saknas",9
"Tibro","1 person",2005
"Tibro","2 personer",3510
"Tibro","3 personer",1623
"Tibro","4 personer",2268
"Tibro","5 personer",1055
"Tibro","6 personer",486
"Tibro","7+ personer",285
"Tibro","uppgift saknas",8
"Töreboda","1 person",1773
"Töreboda","2 personer",3092
"Töreboda","3 personer",1359
"Töreboda","4 personer",1644
"Töreboda","5 personer",790
"Töreboda","6 personer",300
"Töreboda","7+ personer",311
"Töreboda","uppgift saknas",24
"Göteborg","1 person",118784
"Göteborg","2 personer",149792
"Göteborg","3 personer",96375
"Göteborg","4 personer",114356
"Göteborg","5 personer",51060
"Göteborg","6 personer",21534
"Göteborg","7+ personer",25982
"Göteborg","uppgift saknas",1398
"Mölndal","1 person",10788
"Mölndal","2 personer",17140
"Mölndal","3 personer",12354
"Mölndal","4 personer",18428
"Mölndal","5 personer",6830
"Mölndal","6 personer",1968
"Mölndal","7+ personer",1771
"Mölndal","uppgift saknas",85
"Kungälv","1 person",6802
"Kungälv","2 personer",12622
"Kungälv","3 personer",7524
"Kungälv","4 personer",12220
"Kungälv","5 personer",4560
"Kungälv","6 personer",1500
"Kungälv","7+ personer",1055
"Kungälv","uppgift saknas",53
"Lysekil","1 person",2807
"Lysekil","2 personer",5010
"Lysekil","3 personer",2202
"Lysekil","4 personer",2500
"Lysekil","5 personer",1295
"Lysekil","6 personer",390
"Lysekil","7+ personer",336
"Lysekil","uppgift saknas",15
"Uddevalla","1 person",10755
"Uddevalla","2 personer",15752
"Uddevalla","3 personer",8883
"Uddevalla","4 personer",12088
"Uddevalla","5 personer",5500
"Uddevalla","6 personer",1974
"Uddevalla","7+ personer",1691
"Uddevalla","uppgift saknas",60
"Strömstad","1 person",2400
"Strömstad","2 personer",3664
"Strömstad","3 personer",2148
"Strömstad","4 personer",2792
"Strömstad","5 personer",1190
"Strömstad","6 personer",432
"Strömstad","7+ personer",563
"Strömstad","uppgift saknas",29
"Vänersborg","1 person",7274
"Vänersborg","2 personer",11646
"Vänersborg","3 personer",6072
"Vänersborg","4 personer",7828
"Vänersborg","5 personer",3960
"Vänersborg","6 personer",1368
"Vänersborg","7+ personer",1397
"Vänersborg","uppgift saknas",46
"Trollhättan","1 person",10954
"Trollhättan","2 personer",16086
"Trollhättan","3 personer",9270
"Trollhättan","4 personer",12628
"Trollhättan","5 personer",5440
"Trollhättan","6 personer",2274
"Trollhättan","7+ personer",2310
"Trollhättan","uppgift saknas",96
"Alingsås","1 person",6748
"Alingsås","2 personer",11836
"Alingsås","3 personer",6414
"Alingsås","4 personer",9788
"Alingsås","5 personer",4205
"Alingsås","6 personer",1398
"Alingsås","7+ personer",983
"Alingsås","uppgift saknas",48
"Borås","1 person",20335
"Borås","2 personer",30598
"Borås","3 personer",17931
"Borås","4 personer",24616
"Borås","5 personer",10755
"Borås","6 personer",4188
"Borås","7+ personer",4596
"Borås","uppgift saknas",160
"Ulricehamn","1 person",4151
"Ulricehamn","2 personer",7442
"Ulricehamn","3 personer",3804
"Ulricehamn","4 personer",5304
"Ulricehamn","5 personer",2360
"Ulricehamn","6 personer",816
"Ulricehamn","7+ personer",768
"Ulricehamn","uppgift saknas",23
"Åmål","1 person",2559
"Åmål","2 personer",3998
"Åmål","3 personer",1713
"Åmål","4 personer",2364
"Åmål","5 personer",1070
"Åmål","6 personer",468
"Åmål","7+ personer",425
"Åmål","uppgift saknas",13
"Mariestad","1 person",4780
"Mariestad","2 personer",7984
"Mariestad","3 personer",3681
"Mariestad","4 personer",4768
"Mariestad","5 personer",2070
"Mariestad","6 personer",678
"Mariestad","7+ personer",551
"Mariestad","uppgift saknas",25
"Lidköping","1 person",7349
"Lidköping","2 personer",12098
"Lidköping","3 personer",6150
"Lidköping","4 personer",8932
"Lidköping","5 personer",3505
"Lidköping","6 personer",1128
"Lidköping","7+ personer",908
"Lidköping","uppgift saknas",19
"Skara","1 person",3561
"Skara","2 personer",5474
"Skara","3 personer",2874
"Skara","4 personer",3828
"Skara","5 personer",1760
"Skara","6 personer",678
"Skara","7+ personer",641
"Skara","uppgift saknas",21
"Skövde","1 person",11199
"Skövde","2 personer",16274
"Skövde","3 personer",8688
"Skövde","4 personer",12296
"Skövde","5 personer",4960
"Skövde","6 personer",1704
"Skövde","7+ personer",1203
"Skövde","uppgift saknas",42
"Hjo","1 person",1697
"Hjo","2 personer",2990
"Hjo","3 personer",1479
"Hjo","4 personer",1760
"Hjo","5 personer",870
"Hjo","6 personer",294
"Hjo","7+ personer",112
"Hjo","uppgift saknas",8
"Tidaholm","1 person",2393
"Tidaholm","2 personer",4020
"Tidaholm","3 personer",1758
"Tidaholm","4 personer",2748
"Tidaholm","5 personer",1175
"Tidaholm","6 personer",426
"Tidaholm","7+ personer",310
"Tidaholm","uppgift saknas",16
"Falköping","1 person",5834
"Falköping","2 personer",9466
"Falköping","3 personer",4704
"Falköping","4 personer",7036
"Falköping","5 personer",3335
"Falköping","6 personer",1434
"Falköping","7+ personer",1395
"Falköping","uppgift saknas",42
"Kil","1 person",1910
"Kil","2 personer",3816
"Kil","3 personer",2082
"Kil","4 personer",2732
"Kil","5 personer",975
"Kil","6 personer",330
"Kil","7+ personer",228
"Kil","uppgift saknas",14
"Eda","1 person",1726
"Eda","2 personer",2620
"Eda","3 personer",1341
"Eda","4 personer",1632
"Eda","5 personer",770
"Eda","6 personer",294
"Eda","7+ personer",167
"Eda","uppgift saknas",14
"Torsby","1 person",2640
"Torsby","2 personer",3978
"Torsby","3 personer",1788
"Torsby","4 personer",1920
"Torsby","5 personer",820
"Torsby","6 personer",282
"Torsby","7+ personer",173
"Torsby","uppgift saknas",15
"Storfors","1 person",761
"Storfors","2 personer",1488
"Storfors","3 personer",645
"Storfors","4 personer",608
"Storfors","5 personer",270
"Storfors","6 personer",132
"Storfors","7+ personer",104
"Storfors","uppgift saknas",6
"Hammarö","1 person",2276
"Hammarö","2 personer",4332
"Hammarö","3 personer",2820
"Hammarö","4 personer",5076
"Hammarö","5 personer",1560
"Hammarö","6 personer",318
"Hammarö","7+ personer",170
"Hammarö","uppgift saknas",16
"Munkfors","1 person",927
"Munkfors","2 personer",1240
"Munkfors","3 personer",576
"Munkfors","4 personer",540
"Munkfors","5 personer",270
"Munkfors","6 personer",84
"Munkfors","7+ personer",101
"Munkfors","uppgift saknas",2
"Forshaga","1 person",1803
"Forshaga","2 personer",3518
"Forshaga","3 personer",1983
"Forshaga","4 personer",2476
"Forshaga","5 personer",1160
"Forshaga","6 personer",354
"Forshaga","7+ personer",194
"Forshaga","uppgift saknas",11
"Grums","1 person",1814
"Grums","2 personer",3026
"Grums","3 personer",1407
"Grums","4 personer",1684
"Grums","5 personer",720
"Grums","6 personer",222
"Grums","7+ personer",166
"Grums","uppgift saknas",8
"Årjäng","1 person",2031
"Årjäng","2 personer",2964
"Årjäng","3 personer",1536
"Årjäng","4 personer",1884
"Årjäng","5 personer",1005
"Årjäng","6 personer",378
"Årjäng","7+ personer",266
"Årjäng","uppgift saknas",6
"Sunne","1 person",2648
"Sunne","2 personer",4238
"Sunne","3 personer",2322
"Sunne","4 personer",2228
"Sunne","5 personer",1155
"Sunne","6 personer",426
"Sunne","7+ personer",287
"Sunne","uppgift saknas",2
"Karlstad","1 person",21096
"Karlstad","2 personer",27980
"Karlstad","3 personer",14907
"Karlstad","4 personer",18828
"Karlstad","5 personer",7125
"Karlstad","6 personer",2256
"Karlstad","7+ personer",1597
"Karlstad","uppgift saknas",109
"Kristinehamn","1 person",5234
"Kristinehamn","2 personer",7804
"Kristinehamn","3 personer",3576
"Kristinehamn","4 personer",4248
"Kristinehamn","5 personer",2020
"Kristinehamn","6 personer",786
"Kristinehamn","7+ personer",551
"Kristinehamn","uppgift saknas",36
"Filipstad","1 person",2574
"Filipstad","2 personer",3432
"Filipstad","3 personer",1389
"Filipstad","4 personer",1512
"Filipstad","5 personer",875
"Filipstad","6 personer",348
"Filipstad","7+ personer",494
"Filipstad","uppgift saknas",20
"Hagfors","1 person",2688
"Hagfors","2 personer",4242
"Hagfors","3 personer",1680
"Hagfors","4 personer",1752
"Hagfors","5 personer",790
"Hagfors","6 personer",228
"Hagfors","7+ personer",217
"Hagfors","uppgift saknas",9
"Arvika","1 person",5540
"Arvika","2 personer",8292
"Arvika","3 personer",4065
"Arvika","4 personer",4880
"Arvika","5 personer",2130
"Arvika","6 personer",732
"Arvika","7+ personer",387
"Arvika","uppgift saknas",19
"Säffle","1 person",3130
"Säffle","2 personer",5036
"Säffle","3 personer",2253
"Säffle","4 personer",2760
"Säffle","5 personer",1205
"Säffle","6 personer",552
"Säffle","7+ personer",504
"Säffle","uppgift saknas",15
"Lekeberg","1 person",1241
"Lekeberg","2 personer",2254
"Lekeberg","3 personer",1257
"Lekeberg","4 personer",2088
"Lekeberg","5 personer",950
"Lekeberg","6 personer",252
"Lekeberg","7+ personer",188
"Lekeberg","uppgift saknas",4
"Laxå","1 person",1197
"Laxå","2 personer",2040
"Laxå","3 personer",810
"Laxå","4 personer",832
"Laxå","5 personer",415
"Laxå","6 personer",186
"Laxå","7+ personer",190
"Laxå","uppgift saknas",13
"Hallsberg","1 person",2806
"Hallsberg","2 personer",4638
"Hallsberg","3 personer",2547
"Hallsberg","4 personer",3360
"Hallsberg","5 personer",1565
"Hallsberg","6 personer",606
"Hallsberg","7+ personer",394
"Hallsberg","uppgift saknas",16
"Degerfors","1 person",2033
"Degerfors","2 personer",3248
"Degerfors","3 personer",1482
"Degerfors","4 personer",1684
"Degerfors","5 personer",775
"Degerfors","6 personer",264
"Degerfors","7+ personer",173
"Degerfors","uppgift saknas",7
"Hällefors","1 person",1696
"Hällefors","2 personer",2334
"Hällefors","3 personer",885
"Hällefors","4 personer",936
"Hällefors","5 personer",495
"Hällefors","6 personer",222
"Hällefors","7+ personer",420
"Hällefors","uppgift saknas",25
"Ljusnarsberg","1 person",1180
"Ljusnarsberg","2 personer",1646
"Ljusnarsberg","3 personer",648
"Ljusnarsberg","4 personer",708
"Ljusnarsberg","5 personer",350
"Ljusnarsberg","6 personer",144
"Ljusnarsberg","7+ personer",85
"Ljusnarsberg","uppgift saknas",10
"Örebro","1 person",31771
"Örebro","2 personer",43144
"Örebro","3 personer",23769
"Örebro","4 personer",31684
"Örebro","5 personer",14020
"Örebro","6 personer",5442
"Örebro","7+ personer",5615
"Örebro","uppgift saknas",251
"Kumla","1 person",3568
"Kumla","2 personer",5794
"Kumla","3 personer",3690
"Kumla","4 personer",5396
"Kumla","5 personer",2190
"Kumla","6 personer",624
"Kumla","7+ personer",456
"Kumla","uppgift saknas",20
"Askersund","1 person",2195
"Askersund","2 personer",4110
"Askersund","3 personer",1593
"Askersund","4 personer",2000
"Askersund","5 personer",970
"Askersund","6 personer",342
"Askersund","7+ personer",159
"Askersund","uppgift saknas",8
"Karlskoga","1 person",6323
"Karlskoga","2 personer",9646
"Karlskoga","3 personer",4863
"Karlskoga","4 personer",5564
"Karlskoga","5 personer",2345
"Karlskoga","6 personer",852
"Karlskoga","7+ personer",739
"Karlskoga","uppgift saknas",49
"Nora","1 person",1994
"Nora","2 personer",3406
"Nora","3 personer",1608
"Nora","4 personer",2144
"Nora","5 personer",945
"Nora","6 personer",408
"Nora","7+ personer",213
"Nora","uppgift saknas",8
"Lindesberg","1 person",4431
"Lindesberg","2 personer",7512
"Lindesberg","3 personer",3627
"Lindesberg","4 personer",4468
"Lindesberg","5 personer",1825
"Lindesberg","6 personer",840
"Lindesberg","7+ personer",853
"Lindesberg","uppgift saknas",32
"Skinnskatteberg","1 person",960
"Skinnskatteberg","2 personer",1490
"Skinnskatteberg","3 personer",639
"Skinnskatteberg","4 personer",684
"Skinnskatteberg","5 personer",365
"Skinnskatteberg","6 personer",126
"Skinnskatteberg","7+ personer",121
"Skinnskatteberg","uppgift saknas",8
"Surahammar","1 person",1736
"Surahammar","2 personer",3286
"Surahammar","3 personer",1512
"Surahammar","4 personer",2052
"Surahammar","5 personer",960
"Surahammar","6 personer",324
"Surahammar","7+ personer",219
"Surahammar","uppgift saknas",17
"Kungsör","1 person",1439
"Kungsör","2 personer",2798
"Kungsör","3 personer",1332
"Kungsör","4 personer",1628
"Kungsör","5 personer",910
"Kungsör","6 personer",336
"Kungsör","7+ personer",224
"Kungsör","uppgift saknas",8
"Hallstahammar","1 person",3082
"Hallstahammar","2 personer",4956
"Hallstahammar","3 personer",2559
"Hallstahammar","4 personer",3016
"Hallstahammar","5 personer",1470
"Hallstahammar","6 personer",558
"Hallstahammar","7+ personer",683
"Hallstahammar","uppgift saknas",22
"Norberg","1 person",1198
"Norberg","2 personer",1958
"Norberg","3 personer",882
"Norberg","4 personer",824
"Norberg","5 personer",490
"Norberg","6 personer",180
"Norberg","7+ personer",152
"Norberg","uppgift saknas",6
"Västerås","1 person",28444
"Västerås","2 personer",42764
"Västerås","3 personer",25020
"Västerås","4 personer",32584
"Västerås","5 personer",14420
"Västerås","6 personer",5082
"Västerås","7+ personer",5434
"Västerås","uppgift saknas",301
"Sala","1 person",4355
"Sala","2 personer",7022
"Sala","3 personer",3396
"Sala","4 personer",4476
"Sala","5 personer",2125
"Sala","6 personer",780
"Sala","7+ personer",713
"Sala","uppgift saknas",27
"Fagersta","1 person",2913
"Fagersta","2 personer",3988
"Fagersta","3 personer",1899
"Fagersta","4 personer",2324
"Fagersta","5 personer",1245
"Fagersta","6 personer",510
"Fagersta","7+ personer",487
"Fagersta","uppgift saknas",25
"Köping","1 person",5241
"Köping","2 personer",8040
"Köping","3 personer",3705
"Köping","4 personer",4780
"Köping","5 personer",2395
"Köping","6 personer",1110
"Köping","7+ personer",905
"Köping","uppgift saknas",38
"Arboga","1 person",2805
"Arboga","2 personer",4610
"Arboga","3 personer",2082
"Arboga","4 personer",2692
"Arboga","5 personer",1150
"Arboga","6 personer",402
"Arboga","7+ personer",314
"Arboga","uppgift saknas",32
"Vansbro","1 person",1508
"Vansbro","2 personer",2098
"Vansbro","3 personer",1074
"Vansbro","4 personer",1252
"Vansbro","5 personer",610
"Vansbro","6 personer",156
"Vansbro","7+ personer",103
"Vansbro","uppgift saknas",4
"Malung-Sälen","1 person",2106
"Malung-Sälen","2 personer",3244
"Malung-Sälen","3 personer",1698
"Malung-Sälen","4 personer",1968
"Malung-Sälen","5 personer",690
"Malung-Sälen","6 personer",204
"Malung-Sälen","7+ personer",221
"Malung-Sälen","uppgift saknas",7
"Gagnef","1 person",1484
"Gagnef","2 personer",3304
"Gagnef","3 personer",1665
"Gagnef","4 personer",2052
"Gagnef","5 personer",995
"Gagnef","6 personer",390
"Gagnef","7+ personer",412
"Gagnef","uppgift saknas",2
"Leksand","1 person",2938
"Leksand","2 personer",5012
"Leksand","3 personer",2427
"Leksand","4 personer",3236
"Leksand","5 personer",1360
"Leksand","6 personer",486
"Leksand","7+ personer",334
"Leksand","uppgift saknas",14
"Rättvik","1 person",2370
"Rättvik","2 personer",3778
"Rättvik","3 personer",1674
"Rättvik","4 personer",1804
"Rättvik","5 personer",850
"Rättvik","6 personer",252
"Rättvik","7+ personer",218
"Rättvik","uppgift saknas",4
"Orsa","1 person",1433
"Orsa","2 personer",2284
"Orsa","3 personer",1272
"Orsa","4 personer",1044
"Orsa","5 personer",495
"Orsa","6 personer",204
"Orsa","7+ personer",173
"Orsa","uppgift saknas",6
"Älvdalen","1 person",1461
"Älvdalen","2 personer",2124
"Älvdalen","3 personer",1110
"Älvdalen","4 personer",1276
"Älvdalen","5 personer",630
"Älvdalen","6 personer",228
"Älvdalen","7+ personer",196
"Älvdalen","uppgift saknas",6
"Smedjebacken","1 person",2076
"Smedjebacken","2 personer",3970
"Smedjebacken","3 personer",1518
"Smedjebacken","4 personer",1896
"Smedjebacken","5 personer",890
"Smedjebacken","6 personer",258
"Smedjebacken","7+ personer",273
"Smedjebacken","uppgift saknas",13
"Mora","1 person",3961
"Mora","2 personer",6596
"Mora","3 personer",3456
"Mora","4 personer",3900
"Mora","5 personer",1705
"Mora","6 personer",558
"Mora","7+ personer",280
"Mora","uppgift saknas",14
"Falun","1 person",11038
"Falun","2 personer",17652
"Falun","3 personer",9201
"Falun","4 personer",12820
"Falun","5 personer",5845
"Falun","6 personer",1530
"Falun","7+ personer",1259
"Falun","uppgift saknas",61
"Borlänge","1 person",10118
"Borlänge","2 personer",14796
"Borlänge","3 personer",8055
"Borlänge","4 personer",9644
"Borlänge","5 personer",4770
"Borlänge","6 personer",2298
"Borlänge","7+ personer",2794
"Borlänge","uppgift saknas",115
"Säter","1 person",1969
"Säter","2 personer",3504
"Säter","3 personer",1776
"Säter","4 personer",2344
"Säter","5 personer",975
"Säter","6 personer",282
"Säter","7+ personer",236
"Säter","uppgift saknas",7
"Hedemora","1 person",3282
"Hedemora","2 personer",4914
"Hedemora","3 personer",2337
"Hedemora","4 personer",2608
"Hedemora","5 personer",1375
"Hedemora","6 personer",564
"Hedemora","7+ personer",391
"Hedemora","uppgift saknas",20
"Avesta","1 person",4929
"Avesta","2 personer",7170
"Avesta","3 personer",3594
"Avesta","4 personer",4032
"Avesta","5 personer",2015
"Avesta","6 personer",696
"Avesta","7+ personer",710
"Avesta","uppgift saknas",32
"Ludvika","1 person",5814
"Ludvika","2 personer",8214
"Ludvika","3 personer",3972
"Ludvika","4 personer",4688
"Ludvika","5 personer",2245
"Ludvika","6 personer",936
"Ludvika","7+ personer",989
"Ludvika","uppgift saknas",40
"Ockelbo","1 person",1277
"Ockelbo","2 personer",2016
"Ockelbo","3 personer",870
"Ockelbo","4 personer",1028
"Ockelbo","5 personer",435
"Ockelbo","6 personer",186
"Ockelbo","7+ personer",90
"Ockelbo","uppgift saknas",6
"Hofors","1 person",2006
"Hofors","2 personer",3148
"Hofors","3 personer",1461
"Hofors","4 personer",1692
"Hofors","5 personer",810
"Hofors","6 personer",216
"Hofors","7+ personer",240
"Hofors","uppgift saknas",15
"Ovanåker","1 person",2315
"Ovanåker","2 personer",3852
"Ovanåker","3 personer",1794
"Ovanåker","4 personer",2056
"Ovanåker","5 personer",1000
"Ovanåker","6 personer",342
"Ovanåker","7+ personer",302
"Ovanåker","uppgift saknas",9
"Nordanstig","1 person",1799
"Nordanstig","2 personer",3022
"Nordanstig","3 personer",1494
"Nordanstig","4 personer",1636
"Nordanstig","5 personer",910
"Nordanstig","6 personer",342
"Nordanstig","7+ personer",268
"Nordanstig","uppgift saknas",6
"Ljusdal","1 person",3882
"Ljusdal","2 personer",6014
"Ljusdal","3 personer",2871
"Ljusdal","4 personer",3484
"Ljusdal","5 personer",1770
"Ljusdal","6 personer",552
"Ljusdal","7+ personer",356
"Ljusdal","uppgift saknas",20
"Gävle","1 person",20843
"Gävle","2 personer",29012
"Gävle","3 personer",16764
"Gävle","4 personer",21604
"Gävle","5 personer",8290
"Gävle","6 personer",3132
"Gävle","7+ personer",2599
"Gävle","uppgift saknas",174
"Sandviken","1 person",7526
"Sandviken","2 personer",12108
"Sandviken","3 personer",6180
"Sandviken","4 personer",7596
"Sandviken","5 personer",3360
"Sandviken","6 personer",1338
"Sandviken","7+ personer",1079
"Sandviken","uppgift saknas",47
"Söderhamn","1 person",5501
"Söderhamn","2 personer",8418
"Söderhamn","3 personer",3822
"Söderhamn","4 personer",4488
"Söderhamn","5 personer",1845
"Söderhamn","6 personer",738
"Söderhamn","7+ personer",810
"Söderhamn","uppgift saknas",21
"Bollnäs","1 person",5661
"Bollnäs","2 personer",8338
"Bollnäs","3 personer",4245
"Bollnäs","4 personer",4900
"Bollnäs","5 personer",2200
"Bollnäs","6 personer",1008
"Bollnäs","7+ personer",513
"Bollnäs","uppgift saknas",23
"Hudiksvall","1 person",7842
"Hudiksvall","2 personer",11792
"Hudiksvall","3 personer",5883
"Hudiksvall","4 personer",7140
"Hudiksvall","5 personer",3220
"Hudiksvall","6 personer",1044
"Hudiksvall","7+ personer",650
"Hudiksvall","uppgift saknas",36
"Ånge","1 person",2120
"Ånge","2 personer",3074
"Ånge","3 personer",1407
"Ånge","4 personer",1556
"Ånge","5 personer",655
"Ånge","6 personer",270
"Ånge","7+ personer",223
"Ånge","uppgift saknas",11
"Timrå","1 person",3148
"Timrå","2 personer",5498
"Timrå","3 personer",3099
"Timrå","4 personer",3748
"Timrå","5 personer",1550
"Timrå","6 personer",504
"Timrå","7+ personer",414
"Timrå","uppgift saknas",18
"Härnösand","1 person",5382
"Härnösand","2 personer",7792
"Härnösand","3 personer",3873
"Härnösand","4 personer",4516
"Härnösand","5 personer",2205
"Härnösand","6 personer",720
"Härnösand","7+ personer",661
"Härnösand","uppgift saknas",34
"Sundsvall","1 person",19933
"Sundsvall","2 personer",29004
"Sundsvall","3 personer",16665
"Sundsvall","4 personer",20988
"Sundsvall","5 personer",7960
"Sundsvall","6 personer",2616
"Sundsvall","7+ personer",2147
"Sundsvall","uppgift saknas",136
"Kramfors","1 person",4028
"Kramfors","2 personer",6302
"Kramfors","3 personer",2619
"Kramfors","4 personer",3072
"Kramfors","5 personer",1365
"Kramfors","6 personer",438
"Kramfors","7+ personer",447
"Kramfors","uppgift saknas",11
"Sollefteå","1 person",4217
"Sollefteå","2 personer",6268
"Sollefteå","3 personer",2829
"Sollefteå","4 personer",3164
"Sollefteå","5 personer",1575
"Sollefteå","6 personer",528
"Sollefteå","7+ personer",518
"Sollefteå","uppgift saknas",41
"Örnsköldsvik","1 person",9905
"Örnsköldsvik","2 personer",17512
"Örnsköldsvik","3 personer",8553
"Örnsköldsvik","4 personer",11844
"Örnsköldsvik","5 personer",5365
"Örnsköldsvik","6 personer",1620
"Örnsköldsvik","7+ personer",1157
"Örnsköldsvik","uppgift saknas",42
"Ragunda","1 person",1158
"Ragunda","2 personer",1664
"Ragunda","3 personer",816
"Ragunda","4 personer",892
"Ragunda","5 personer",465
"Ragunda","6 personer",174
"Ragunda","7+ personer",112
"Ragunda","uppgift saknas",3
"Bräcke","1 person",1312
"Bräcke","2 personer",2088
"Bräcke","3 personer",984
"Bräcke","4 personer",1092
"Bräcke","5 personer",480
"Bräcke","6 personer",216
"Bräcke","7+ personer",121
"Bräcke","uppgift saknas",5
"Krokom","1 person",2255
"Krokom","2 personer",3976
"Krokom","3 personer",2343
"Krokom","4 personer",3780
"Krokom","5 personer",1720
"Krokom","6 personer",456
"Krokom","7+ personer",429
"Krokom","uppgift saknas",7
"Strömsund","1 person",2691
"Strömsund","2 personer",3752
"Strömsund","3 personer",1632
"Strömsund","4 personer",1856
"Strömsund","5 personer",955
"Strömsund","6 personer",384
"Strömsund","7+ personer",324
"Strömsund","uppgift saknas",11
"Åre","1 person",2163
"Åre","2 personer",3024
"Åre","3 personer",1890
"Åre","4 personer",2624
"Åre","5 personer",1235
"Åre","6 personer",414
"Åre","7+ personer",368
"Åre","uppgift saknas",9
"Berg","1 person",1404
"Berg","2 personer",2184
"Berg","3 personer",1164
"Berg","4 personer",1160
"Berg","5 personer",650
"Berg","6 personer",246
"Berg","7+ personer",250
"Berg","uppgift saknas",3
"Härjedalen","1 person",2232
"Härjedalen","2 personer",3248
"Härjedalen","3 personer",1626
"Härjedalen","4 personer",1736
"Härjedalen","5 personer",780
"Härjedalen","6 personer",318
"Härjedalen","7+ personer",142
"Härjedalen","uppgift saknas",8
"Östersund","1 person",14409
"Östersund","2 personer",18294
"Östersund","3 personer",9762
"Östersund","4 personer",13108
"Östersund","5 personer",5345
"Östersund","6 personer",1686
"Östersund","7+ personer",1107
"Östersund","uppgift saknas",68
"Nordmaling","1 person",1163
"Nordmaling","2 personer",2404
"Nordmaling","3 personer",1140
"Nordmaling","4 personer",1272
"Nordmaling","5 personer",700
"Nordmaling","6 personer",228
"Nordmaling","7+ personer",233
"Nordmaling","uppgift saknas",3
"Bjurholm","1 person",432
"Bjurholm","2 personer",764
"Bjurholm","3 personer",300
"Bjurholm","4 personer",460
"Bjurholm","5 personer",300
"Bjurholm","6 personer",90
"Bjurholm","7+ personer",61
"Bjurholm","uppgift saknas",1
"Vindeln","1 person",1004
"Vindeln","2 personer",1722
"Vindeln","3 personer",780
"Vindeln","4 personer",1028
"Vindeln","5 personer",500
"Vindeln","6 personer",180
"Vindeln","7+ personer",209
"Vindeln","uppgift saknas",0
"Robertsfors","1 person",1099
"Robertsfors","2 personer",2220
"Robertsfors","3 personer",1029
"Robertsfors","4 personer",1328
"Robertsfors","5 personer",760
"Robertsfors","6 personer",186
"Robertsfors","7+ personer",119
"Robertsfors","uppgift saknas",6
"Norsjö","1 person",808
"Norsjö","2 personer",1344
"Norsjö","3 personer",513
"Norsjö","4 personer",692
"Norsjö","5 personer",390
"Norsjö","6 personer",150
"Norsjö","7+ personer",85
"Norsjö","uppgift saknas",4
"Malå","1 person",658
"Malå","2 personer",982
"Malå","3 personer",426
"Malå","4 personer",552
"Malå","5 personer",280
"Malå","6 personer",114
"Malå","7+ personer",54
"Malå","uppgift saknas",2
"Storuman","1 person",1277
"Storuman","2 personer",1834
"Storuman","3 personer",960
"Storuman","4 personer",1008
"Storuman","5 personer",485
"Storuman","6 personer",204
"Storuman","7+ personer",80
"Storuman","uppgift saknas",4
"Sorsele","1 person",548
"Sorsele","2 personer",794
"Sorsele","3 personer",345
"Sorsele","4 personer",480
"Sorsele","5 personer",205
"Sorsele","6 personer",78
"Sorsele","7+ personer",39
"Sorsele","uppgift saknas",0
"Dorotea","1 person",652
"Dorotea","2 personer",810
"Dorotea","3 personer",363
"Dorotea","4 personer",384
"Dorotea","5 personer",200
"Dorotea","6 personer",90
"Dorotea","7+ personer",52
"Dorotea","uppgift saknas",0
"Vännäs","1 person",1414
"Vännäs","2 personer",2620
"Vännäs","3 personer",1410
"Vännäs","4 personer",2028
"Vännäs","5 personer",890
"Vännäs","6 personer",336
"Vännäs","7+ personer",168
"Vännäs","uppgift saknas",6
"Vilhelmina","1 person",1498
"Vilhelmina","2 personer",2000
"Vilhelmina","3 personer",960
"Vilhelmina","4 personer",1140
"Vilhelmina","5 personer",615
"Vilhelmina","6 personer",240
"Vilhelmina","7+ personer",208
"Vilhelmina","uppgift saknas",7
"Åsele","1 person",662
"Åsele","2 personer",886
"Åsele","3 personer",393
"Åsele","4 personer",432
"Åsele","5 personer",240
"Åsele","6 personer",114
"Åsele","7+ personer",64
"Åsele","uppgift saknas",3
"Umeå","1 person",26973
"Umeå","2 personer",36840
"Umeå","3 personer",20142
"Umeå","4 personer",27440
"Umeå","5 personer",11365
"Umeå","6 personer",3408
"Umeå","7+ personer",2601
"Umeå","uppgift saknas",132
"Lycksele","1 person",2486
"Lycksele","2 personer",3736
"Lycksele","3 personer",1809
"Lycksele","4 personer",2304
"Lycksele","5 personer",1145
"Lycksele","6 personer",378
"Lycksele","7+ personer",378
"Lycksele","uppgift saknas",9
"Skellefteå","1 person",13930
"Skellefteå","2 personer",23364
"Skellefteå","3 personer",10575
"Skellefteå","4 personer",14884
"Skellefteå","5 personer",6685
"Skellefteå","6 personer",1728
"Skellefteå","7+ personer",1362
"Skellefteå","uppgift saknas",61
"Arvidsjaur","1 person",1474
"Arvidsjaur","2 personer",2054
"Arvidsjaur","3 personer",879
"Arvidsjaur","4 personer",1144
"Arvidsjaur","5 personer",460
"Arvidsjaur","6 personer",144
"Arvidsjaur","7+ personer",60
"Arvidsjaur","uppgift saknas",5
"Arjeplog","1 person",659
"Arjeplog","2 personer",862
"Arjeplog","3 personer",462
"Arjeplog","4 personer",452
"Arjeplog","5 personer",215
"Arjeplog","6 personer",90
"Arjeplog","7+ personer",45
"Arjeplog","uppgift saknas",0
"Jokkmokk","1 person",1127
"Jokkmokk","2 personer",1582
"Jokkmokk","3 personer",831
"Jokkmokk","4 personer",820
"Jokkmokk","5 personer",305
"Jokkmokk","6 personer",144
"Jokkmokk","7+ personer",106
"Jokkmokk","uppgift saknas",8
"Överkalix","1 person",764
"Överkalix","2 personer",1190
"Överkalix","3 personer",504
"Överkalix","4 personer",440
"Överkalix","5 personer",240
"Överkalix","6 personer",90
"Överkalix","7+ personer",87
"Överkalix","uppgift saknas",0
"Kalix","1 person",3217
"Kalix","2 personer",5670
"Kalix","3 personer",2577
"Kalix","4 personer",2724
"Kalix","5 personer",1070
"Kalix","6 personer",342
"Kalix","7+ personer",274
"Kalix","uppgift saknas",12
"Övertorneå","1 person",906
"Övertorneå","2 personer",1530
"Övertorneå","3 personer",603
"Övertorneå","4 personer",612
"Övertorneå","5 personer",365
"Övertorneå","6 personer",156
"Övertorneå","7+ personer",127
"Övertorneå","uppgift saknas",0
"Pajala","1 person",1431
"Pajala","2 personer",1874
"Pajala","3 personer",819
"Pajala","4 personer",784
"Pajala","5 personer",370
"Pajala","6 personer",270
"Pajala","7+ personer",501
"Pajala","uppgift saknas",3
"Gällivare","1 person",4063
"Gällivare","2 personer",5354
"Gällivare","3 personer",3117
"Gällivare","4 personer",2932
"Gällivare","5 personer",1170
"Gällivare","6 personer",534
"Gällivare","7+ personer",338
"Gällivare","uppgift saknas",21
"Älvsbyn","1 person",1630
"Älvsbyn","2 personer",2682
"Älvsbyn","3 personer",1197
"Älvsbyn","4 personer",1596
"Älvsbyn","5 personer",540
"Älvsbyn","6 personer",240
"Älvsbyn","7+ personer",177
"Älvsbyn","uppgift saknas",4
"Luleå","1 person",16661
"Luleå","2 personer",23882
"Luleå","3 personer",12615
"Luleå","4 personer",15992
"Luleå","5 personer",5800
"Luleå","6 personer",1794
"Luleå","7+ personer",1303
"Luleå","uppgift saknas",58
"Piteå","1 person",8068
"Piteå","2 personer",13702
"Piteå","3 personer",6762
"Piteå","4 personer",8932
"Piteå","5 personer",3445
"Piteå","6 personer",918
"Piteå","7+ personer",416
"Piteå","uppgift saknas",38
"Boden","1 person",5747
"Boden","2 personer",9296
"Boden","3 personer",4575
"Boden","4 personer",5000
"Boden","5 personer",2230
"Boden","6 personer",708
"Boden","7+ personer",492
"Boden","uppgift saknas",32
"Haparanda","1 person",2265
"Haparanda","2 personer",3028
"Haparanda","3 personer",1353
"Haparanda","4 personer",1432
"Haparanda","5 personer",765
"Haparanda","6 personer",348
"Haparanda","7+ personer",474
"Haparanda","uppgift saknas",20
"Kiruna","1 person",4745
"Kiruna","2 personer",6494
"Kiruna","3 personer",3768
"Kiruna","4 personer",4256
"Kiruna","5 personer",1870
"Kiruna","6 personer",810
"Kiruna","7+ personer",905
"Kiruna","uppgift saknas",19
